algorithm,scenario_name,num_cloudlets,seed,w_energy,w_makespan,w_violation,makespan_sec,total_energy_j,avg_waiting_sec
DCOA-TS,Scenario_50,50,1020,0.45,0.45,0.10,12.1713,1828.1918,2.8965
DCOA-TS,Scenario_100,100,1022,0.45,0.45,0.10,20.0602,3010.4145,7.0852
DCOA-TS,Scenario_100,100,1009,0.45,0.45,0.10,18.7730,2817.7688,6.1943
DCOA-TS,Scenario_100,100,1012,0.80,0.10,0.10,36.4632,5470.4236,14.8650
DCOA-TS,Scenario_50,50,1021,0.45,0.45,0.10,10.5408,1582.8173,2.5833
DCOA-TS,Scenario_50,50,1022,0.45,0.45,0.10,9.9071,1487.6601,2.6393
DCOA-TS,Scenario_100,100,1010,0.45,0.45,0.10,18.7231,2810.3073,6.2149
DCOA-TS,Scenario_100,100,1023,0.45,0.45,0.10,20.5338,3082.2349,6.9332
DCOA-TS,Scenario_100,100,1013,0.80,0.10,0.10,41.8165,6273.3093,15.6695
DCOA-TS,Scenario_50,50,1018,0.45,0.45,0.10,10.1817,1529.5598,2.5922
DCOA-TS,Scenario_50,50,1019,0.45,0.45,0.10,11.3448,1702.9843,3.3919
DCOA-TS,Scenario_100,100,1011,0.45,0.45,0.10,18.3611,2755.6287,6.3800
DCOA-TS,Scenario_100,100,1024,0.45,0.45,0.10,18.3327,2751.4060,6.1691
DCOA-TS,Scenario_100,100,1014,0.80,0.10,0.10,39.3456,5902.9990,13.3811
DCOA-TS,Scenario_50,50,1025,0.45,0.45,0.10,11.0816,1663.5012,3.6491
DCOA-TS,Scenario_50,50,1026,0.45,0.45,0.10,10.3105,1548.1825,2.8187
DCOA-TS,Scenario_100,100,1007,0.45,0.45,0.10,19.8972,2986.0433,6.4746
DCOA-TS,Scenario_100,100,1015,0.80,0.10,0.10,36.3018,5446.7096,12.0009
DCOA-TS,Scenario_500,500,1020,0.20,0.70,0.10,63.4725,9524.5358,22.7707
DCOA-TS,Scenario_500,500,1028,0.80,0.10,0.10,83.4904,12526.4574,28.6829
DCOA-TS,Scenario_100,100,1025,0.45,0.45,0.10,20.4409,3067.8377,6.3685
DCOA-TS,Scenario_100,100,1008,0.45,0.45,0.10,18.3436,2753.1636,6.6582
DCOA-TS,Scenario_50,50,1027,0.45,0.45,0.10,10.3725,1557.6533,2.4985
DCOA-TS,Scenario_100,100,1016,0.80,0.10,0.10,33.9156,5088.2246,14.0315
DCOA-TS,Scenario_100,100,1026,0.45,0.45,0.10,20.6183,3094.1445,6.7376
DCOA-TS,Scenario_500,500,1001,0.80,0.10,0.10,74.6463,11200.7085,24.5044
DCOA-TS,Scenario_100,100,1014,0.45,0.45,0.10,20.1082,3018.2102,7.1460
DCOA-TS,Scenario_50,50,1023,0.45,0.45,0.10,10.7042,1607.4710,2.5838
DCOA-TS,Scenario_100,100,1009,0.80,0.10,0.10,34.4915,5174.7061,13.7016
DCOA-TS,Scenario_500,500,1007,0.20,0.70,0.10,66.6404,9999.8401,22.9076
DCOA-TS,Scenario_100,100,1015,0.45,0.45,0.10,19.8839,2984.0111,6.7442
DCOA-TS,Scenario_50,50,1024,0.45,0.45,0.10,7.9785,1202.5350,2.0665
DCOA-TS,Scenario_100,100,1019,0.45,0.45,0.10,20.8218,3124.6950,7.3568
DCOA-TS,Scenario_100,100,1010,0.80,0.10,0.10,33.0759,4963.1559,10.1970
DCOA-TS,Scenario_50,50,1013,0.45,0.45,0.10,10.9503,1644.3679,2.9949
DCOA-TS,Scenario_100,100,1016,0.45,0.45,0.10,18.9056,2839.7768,6.8250
DCOA-TS,Scenario_100,100,1020,0.45,0.45,0.10,17.7133,2658.4001,6.3022
DCOA-TS,Scenario_50,50,1014,0.45,0.45,0.10,10.4608,1571.0155,2.4422
DCOA-TS,Scenario_100,100,1011,0.80,0.10,0.10,42.6688,6401.1147,15.8716
DCOA-TS,Scenario_500,500,1021,0.20,0.70,0.10,57.5634,8639.0949,22.0056
DCOA-TS,Scenario_500,500,1029,0.80,0.10,0.10,82.8143,12424.8648,27.3323
DCOA-TS,Scenario_50,50,1015,0.45,0.45,0.10,12.3736,1857.8690,2.7517
DCOA-TS,Scenario_100,100,1012,0.45,0.45,0.10,20.3349,3052.1528,6.1412
DCOA-TS,Scenario_100,100,1021,0.45,0.45,0.10,21.7500,3263.9280,6.5074
DCOA-TS,Scenario_100,100,1007,0.80,0.10,0.10,38.4021,5761.4073,14.4288
DCOA-TS,Scenario_50,50,1016,0.45,0.45,0.10,10.9603,1650.6516,3.6711
DCOA-TS,Scenario_1000,1000,1017,0.80,0.10,0.10,133.0874,19967.2926,49.3473
DCOA-TS,Scenario_1000,1000,1009,0.20,0.70,0.10,115.2724,17294.1805,46.0251
DCOA-TS,Scenario_100,100,1013,0.45,0.45,0.10,19.6296,2946.0374,6.4212
DCOA-TS,Scenario_50,50,1017,0.45,0.45,0.10,10.0994,1518.1392,2.7620
DCOA-TS,Scenario_100,100,1017,0.45,0.45,0.10,17.6482,2648.9761,6.1400
DCOA-TS,Scenario_1000,1000,1019,0.20,0.70,0.10,114.8063,17225.1483,46.2114
DCOA-TS,Scenario_100,100,1008,0.80,0.10,0.10,37.9850,5698.9359,13.8990
DCOA-TS,Scenario_1000,1000,1006,0.20,0.70,0.10,111.9634,16800.0998,45.5966
DCOA-TS,Scenario_500,500,1002,0.80,0.10,0.10,81.7724,12268.7810,28.4334
DCOA-TS,Scenario_50,50,1011,0.45,0.45,0.10,10.3356,1552.1686,2.5825
DCOA-TS,Scenario_1000,1000,1028,0.20,0.70,0.10,114.7269,17212.1328,46.1836
DCOA-TS,Scenario_100,100,1002,0.45,0.45,0.10,19.8580,2980.2941,6.5558
DCOA-TS,Scenario_1000,1000,1004,0.20,0.70,0.10,111.7871,16772.9213,45.4502
DCOA-TS,Scenario_50,50,1012,0.45,0.45,0.10,11.4341,1716.6479,3.0105
DCOA-TS,Scenario_100,100,1018,0.45,0.45,0.10,20.5412,3082.7374,6.5508
DCOA-TS,Scenario_100,100,1022,0.80,0.10,0.10,37.9282,5690.1945,14.6445
DCOA-TS,Scenario_50,50,1009,0.45,0.45,0.10,11.5912,1740.4071,2.6206
DCOA-TS,Scenario_1000,1000,1026,0.45,0.45,0.10,116.4813,17477.9112,46.2831
DCOA-TS,Scenario_100,100,1003,0.45,0.45,0.10,18.8453,2828.0701,6.5501
DCOA-TS,Scenario_500,500,1008,0.20,0.70,0.10,63.2683,9492.8193,23.4050
DCOA-TS,Scenario_100,100,1002,0.20,0.70,0.10,18.6767,2803.2832,5.9852
DCOA-TS,Scenario_50,50,1010,0.45,0.45,0.10,11.6459,1748.8400,2.3122
DCOA-TS,Scenario_100,100,1023,0.80,0.10,0.10,42.3518,6353.8372,15.0653
DCOA-TS,Scenario_500,500,1000,0.45,0.45,0.10,65.3988,9814.2388,23.5303
DCOA-TS,Scenario_100,100,1004,0.45,0.45,0.10,21.2996,3196.2370,7.9577
DCOA-TS,Scenario_50,50,1010,0.20,0.70,0.10,8.9209,1340.0613,1.7270
DCOA-TS,Scenario_100,100,1003,0.20,0.70,0.10,17.8112,2673.1266,6.4122
DCOA-TS,Scenario_100,100,1024,0.80,0.10,0.10,32.9403,4942.2166,12.0725
DCOA-TS,Scenario_500,500,1022,0.20,0.70,0.10,64.9689,9748.7151,23.6099
DCOA-TS,Scenario_100,100,1005,0.45,0.45,0.10,19.5794,2938.2643,6.4918
DCOA-TS,Scenario_50,50,1011,0.20,0.70,0.10,10.5403,1582.7774,2.3682
DCOA-TS,Scenario_100,100,1004,0.20,0.70,0.10,19.9065,2987.2494,6.9949
DCOA-TS,Scenario_100,100,1025,0.80,0.10,0.10,37.8503,5678.7037,14.2704
DCOA-TS,Scenario_100,100,1005,0.20,0.70,0.10,16.6083,2493.0562,5.3654
DCOA-TS,Scenario_50,50,1012,0.20,0.70,0.10,10.7437,1613.0154,2.9634
DCOA-TS,Scenario_500,500,1003,0.80,0.10,0.10,89.6209,13446.4299,29.4836
DCOA-TS,Scenario_100,100,1006,0.20,0.70,0.10,17.8096,2673.0580,5.2738
DCOA-TS,Scenario_100,100,1006,0.45,0.45,0.10,20.9798,3148.8649,6.7249
DCOA-TS,Scenario_50,50,1008,0.20,0.70,0.10,10.4452,1568.2587,2.5576
DCOA-TS,Scenario_100,100,1026,0.80,0.10,0.10,39.0091,5852.3267,14.6514
DCOA-TS,Scenario_500,500,1009,0.20,0.70,0.10,68.5069,10279.2150,24.5817
DCOA-TS,Scenario_50,50,1009,0.20,0.70,0.10,9.0052,1352.9818,1.8685
DCOA-TS,Scenario_500,500,1026,0.80,0.10,0.10,65.9908,9901.5327,23.6956
DCOA-TS,Scenario_50,50,1015,0.20,0.70,0.10,10.4538,1570.1602,2.4617
DCOA-TS,Scenario_100,100,1019,0.80,0.10,0.10,41.5038,6226.7070,15.0095
DCOA-TS,Scenario_100,100,1029,0.45,0.45,0.10,19.1927,2880.8531,6.3403
DCOA-TS,Scenario_2000,2000,1014,0.20,0.70,0.10,214.5369,32187.9615,91.4857
DCOA-TS,Scenario_50,50,1016,0.20,0.70,0.10,11.8247,1775.5255,2.5663
DCOA-TS,Scenario_100,100,1000,0.20,0.70,0.10,18.7265,2811.0839,5.7379
DCOA-TS,Scenario_100,100,1020,0.80,0.10,0.10,38.8353,5826.2121,14.5187
DCOA-TS,Scenario_100,100,1029,0.80,0.10,0.10,34.4941,5174.9402,14.4380
DCOA-TS,Scenario_50,50,1017,0.20,0.70,0.10,8.2268,1235.7154,1.9347
DCOA-TS,Scenario_50,50,1013,0.20,0.70,0.10,10.6476,1598.8657,2.6052
DCOA-TS,Scenario_500,500,1023,0.20,0.70,0.10,64.2506,9641.1040,23.2080
DCOA-TS,Scenario_2000,2000,1019,0.20,0.70,0.10,219.7949,32975.6223,91.9322
DCOA-TS,Scenario_100,100,1001,0.20,0.70,0.10,22.5236,3379.8863,7.1494
DCOA-TS,Scenario_100,100,1021,0.80,0.10,0.10,29.9583,4495.6228,10.9503
DCOA-TS,Scenario_100,100,1000,0.45,0.45,0.10,19.8624,2981.0284,6.8054
DCOA-TS,Scenario_50,50,1014,0.20,0.70,0.10,10.3336,1553.8630,2.6930
DCOA-TS,Scenario_1000,1000,1007,0.20,0.70,0.10,110.3523,16557.9657,45.3600
DCOA-TS,Scenario_1000,1000,1020,0.20,0.70,0.10,118.1303,17725.0730,45.7050
DCOA-TS,Scenario_1000,1000,1027,0.45,0.45,0.10,125.0829,18766.4806,47.4676
DCOA-TS,Scenario_1000,1000,1010,0.20,0.70,0.10,124.2809,18647.9557,46.1528
DCOA-TS,Scenario_100,100,1027,0.45,0.45,0.10,18.8373,2826.9600,6.6961
DCOA-TS,Scenario_50,50,1003,0.20,0.70,0.10,10.5961,1590.9505,2.2283
DCOA-TS,Scenario_100,100,1017,0.80,0.10,0.10,33.5494,5033.9372,11.2554
DCOA-TS,Scenario_100,100,1001,0.45,0.45,0.10,20.4866,3074.3636,6.6927
DCOA-TS,Scenario_500,500,1004,0.80,0.10,0.10,76.7755,11519.4446,25.0168
DCOA-TS,Scenario_1000,1000,1029,0.20,0.70,0.10,119.3343,17904.3723,46.8821
DCOA-TS,Scenario_1000,1000,1018,0.80,0.10,0.10,125.9614,18896.9658,49.3612
DCOA-TS,Scenario_2000,2000,1029,0.20,0.70,0.10,219.8008,32975.2006,92.6888
DCOA-TS,Scenario_50,50,1004,0.20,0.70,0.10,10.7423,1612.9023,2.5076
DCOA-TS,Scenario_2000,2000,1027,0.45,0.45,0.10,218.5849,32793.6103,91.9209
DCOA-TS,Scenario_2000,2000,1024,0.20,0.70,0.10,206.9163,31044.3483,91.6000
DCOA-TS,Scenario_100,100,1018,0.80,0.10,0.10,35.3200,5299.2203,13.1207
DCOA-TS,Scenario_100,100,1028,0.45,0.45,0.10,18.3524,2754.4186,5.7466
DCOA-TS,Scenario_1000,1000,1005,0.20,0.70,0.10,119.2247,17888.9541,47.0798
DCOA-TS,Scenario_2000,2000,1017,0.20,0.70,0.10,211.3734,31712.8001,92.0277
DCOA-TS,Scenario_500,500,1027,0.80,0.10,0.10,91.4374,13718.2481,28.9106
DCOA-TS,Scenario_2000,2000,1023,0.80,0.10,0.10,224.5521,33686.5341,93.8410
DCOA-TS,Scenario_50,50,1005,0.20,0.70,0.10,9.7579,1465.5886,1.8297
DCOA-TS,Scenario_50,50,1029,0.20,0.70,0.10,9.6174,1444.5794,2.2638
DCOA-TS,Scenario_2000,2000,1025,0.80,0.10,0.10,218.1181,32722.0877,92.1786
DCOA-TS,Scenario_50,50,1022,0.20,0.70,0.10,10.8312,1626.2460,2.8091
DCOA-TS,Scenario_2000,2000,1005,0.80,0.10,0.10,221.2099,33185.6174,94.4193
DCOA-TS,Scenario_2000,2000,1028,0.80,0.10,0.10,224.2109,33636.2863,94.3045
DCOA-TS,Scenario_2000,2000,1018,0.80,0.10,0.10,240.2491,36042.5578,95.3563
DCOA-TS,Scenario_50,50,1006,0.20,0.70,0.10,8.5758,1288.5636,1.8554
DCOA-TS,Scenario_50,50,1023,0.20,0.70,0.10,9.6982,1459.3599,2.6988
DCOA-TS,Scenario_500,500,1005,0.20,0.70,0.10,62.5598,9387.4328,22.8388
DCOA-TS,Scenario_100,100,1027,0.80,0.10,0.10,37.3441,5602.4989,14.6394
DCOA-TS,Scenario_100,100,1000,0.80,0.10,0.10,36.4725,5471.7802,14.2838
DCOA-TS,Scenario_50,50,1007,0.20,0.70,0.10,11.0017,1651.9245,2.8082
DCOA-TS,Scenario_50,50,1024,0.20,0.70,0.10,8.0275,1206.0150,1.6997
DCOA-TS,Scenario_2000,2000,1000,0.45,0.45,0.10,218.5944,32793.5760,93.8460
DCOA-TS,Scenario_50,50,1000,0.20,0.70,0.10,11.0525,1659.5692,2.4376
DCOA-TS,Scenario_500,500,1024,0.20,0.70,0.10,65.9749,9899.5796,23.7388
DCOA-TS,Scenario_100,100,1001,0.80,0.10,0.10,38.8129,5822.7393,15.0115
DCOA-TS,Scenario_50,50,1025,0.20,0.70,0.10,10.3762,1558.0585,2.6780
DCOA-TS,Scenario_50,50,1027,0.20,0.70,0.10,12.0935,1815.7466,2.7115
DCOA-TS,Scenario_50,50,1026,0.20,0.70,0.10,11.6786,1753.4026,2.7664
DCOA-TS,Scenario_50,50,1001,0.20,0.70,0.10,10.4579,1570.1944,2.9300
DCOA-TS,Scenario_100,100,1028,0.80,0.10,0.10,33.2394,4986.8969,13.5019
DCOA-TS,Scenario_50,50,1028,0.20,0.70,0.10,10.5064,1577.6406,2.3287
DCOA-TS,Scenario_50,50,1020,0.20,0.70,0.10,9.2591,1391.5708,2.0697
DCOA-TS,Scenario_500,500,1005,0.80,0.10,0.10,80.9015,12138.4856,28.1968
DCOA-TS,Scenario_50,50,1021,0.20,0.70,0.10,10.0585,1511.3235,2.3608
DCOA-TS,Scenario_50,50,1002,0.20,0.70,0.10,10.1003,1517.0148,2.4834
DCOA-TS,Scenario_100,100,1004,0.80,0.10,0.10,41.3391,6202.2273,14.4631
DCOA-TS,Scenario_50,50,1018,0.20,0.70,0.10,11.5916,1740.5073,2.6861
DCOA-TS,Scenario_500,500,1003,0.45,0.45,0.10,64.5153,9679.9211,23.3593
DCOA-TS,Scenario_100,100,1028,0.20,0.70,0.10,16.2002,2431.8565,5.1864
DCOA-TS,Scenario_100,100,1002,0.80,0.10,0.10,32.2538,4840.0256,10.7004
DCOA-TS,Scenario_100,100,1005,0.80,0.10,0.10,34.9765,5247.3564,13.8759
DCOA-TS,Scenario_50,50,1028,0.45,0.45,0.10,11.9985,1801.7673,2.5347
DCOA-TS,Scenario_50,50,1019,0.20,0.70,0.10,10.0520,1509.4178,2.5297
DCOA-TS,Scenario_500,500,1006,0.20,0.70,0.10,67.3057,10100.0146,23.5139
DCOA-TS,Scenario_100,100,1029,0.20,0.70,0.10,18.6094,2793.1314,5.8402
DCOA-TS,Scenario_100,100,1003,0.80,0.10,0.10,33.6021,5041.1891,13.9174
DCOA-TS,Scenario_100,100,1006,0.80,0.10,0.10,32.9268,4939.7398,14.4801
DCOA-TS,Scenario_50,50,1029,0.45,0.45,0.10,10.1864,1529.6683,2.5329
DCOA-TS,Scenario_500,500,1017,0.20,0.70,0.10,59.0759,8864.0884,22.6965
DCOA-TS,Scenario_1000,1000,1008,0.20,0.70,0.10,109.8444,16485.2898,45.5272
DCOA-TS,Scenario_1000,1000,1011,0.20,0.70,0.10,114.4441,17171.1551,46.0744
DCOA-TS,Scenario_1000,1000,1021,0.20,0.70,0.10,113.7443,17066.2746,45.9234
DCOA-TS,Scenario_50,50,1024,0.80,0.10,0.10,17.3538,2613.2951,6.8780
DCOA-TS,Scenario_100,100,1018,0.20,0.70,0.10,19.3652,2906.4672,6.1854
DCOA-TS,Scenario_500,500,1004,0.45,0.45,0.10,69.7626,10467.6172,23.6699
DCOA-TS,Scenario_50,50,1025,0.80,0.10,0.10,20.3450,3053.8840,7.5365
DCOA-TS,Scenario_1000,1000,1028,0.45,0.45,0.10,117.9188,17691.1836,46.2251
DCOA-TS,Scenario_100,100,1019,0.20,0.70,0.10,19.8356,2976.7487,7.1074
DCOA-TS,Scenario_1000,1000,1019,0.80,0.10,0.10,125.1843,18781.0088,48.9957
DCOA-TS,Scenario_500,500,1012,0.20,0.70,0.10,63.1048,9469.0449,22.9989
DCOA-TS,Scenario_500,500,1000,0.80,0.10,0.10,83.9506,12595.5662,27.2161
DCOA-TS,Scenario_50,50,1026,0.80,0.10,0.10,20.2579,3039.8339,6.0799
DCOA-TS,Scenario_100,100,1020,0.20,0.70,0.10,18.6611,2801.0329,5.9277
DCOA-TS,Scenario_100,100,1026,0.20,0.70,0.10,19.1739,2877.4448,6.2976
DCOA-TS,Scenario_50,50,1027,0.80,0.10,0.10,18.2202,2742.3304,6.9285
DCOA-TS,Scenario_100,100,1016,0.20,0.70,0.10,18.2695,2742.3048,5.3378
DCOA-TS,Scenario_50,50,1028,0.80,0.10,0.10,16.5804,2487.9035,6.3196
DCOA-TS,Scenario_50,50,1021,0.80,0.10,0.10,19.2747,2892.0421,6.7986
DCOA-TS,Scenario_100,100,1017,0.20,0.70,0.10,16.2864,2446.5964,5.5220
DCOA-TS,Scenario_500,500,1005,0.45,0.45,0.10,60.9409,9144.8249,22.6680
DCOA-TS,Scenario_50,50,1022,0.80,0.10,0.10,16.1293,2420.5378,5.3696
DCOA-TS,Scenario_100,100,1027,0.20,0.70,0.10,17.7230,2660.0078,5.9780
DCOA-TS,Scenario_100,100,1023,0.20,0.70,0.10,18.3703,2757.0159,6.6330
DCOA-TS,Scenario_50,50,1023,0.80,0.10,0.10,21.5459,3232.8736,7.2563
DCOA-TS,Scenario_500,500,1018,0.20,0.70,0.10,69.2053,10383.9855,23.9198
DCOA-TS,Scenario_50,50,1019,0.80,0.10,0.10,19.2682,2893.8338,7.0918
DCOA-TS,Scenario_500,500,1018,0.45,0.45,0.10,69.4824,10424.7280,25.0364
DCOA-TS,Scenario_100,100,1024,0.20,0.70,0.10,19.4155,2914.1168,5.1976
DCOA-TS,Scenario_50,50,1020,0.80,0.10,0.10,16.6374,2496.4478,6.3666
DCOA-TS,Scenario_500,500,1013,0.20,0.70,0.10,64.4079,9664.4614,23.2592
DCOA-TS,Scenario_50,50,1004,0.45,0.45,0.10,10.3308,1554.0501,2.6945
DCOA-TS,Scenario_2000,2000,1015,0.20,0.70,0.10,228.8957,34340.4305,91.8520
DCOA-TS,Scenario_100,100,1025,0.20,0.70,0.10,20.4925,3075.6534,6.5842
DCOA-TS,Scenario_50,50,1005,0.45,0.45,0.10,8.5510,1284.3095,2.0129
DCOA-TS,Scenario_2000,2000,1025,0.20,0.70,0.10,213.8291,32079.7153,92.4528
DCOA-TS,Scenario_50,50,1006,0.45,0.45,0.10,9.4424,1417.9469,2.4866
DCOA-TS,Scenario_1000,1000,1012,0.20,0.70,0.10,115.3429,17306.4448,45.9177
DCOA-TS,Scenario_500,500,1001,0.45,0.45,0.10,68.2299,10237.3485,23.4753
DCOA-TS,Scenario_1000,1000,1024,0.45,0.45,0.10,113.0236,16958.0873,46.0890
DCOA-TS,Scenario_2000,2000,1012,0.20,0.70,0.10,206.5385,30993.8109,91.4416
DCOA-TS,Scenario_100,100,1021,0.20,0.70,0.10,16.9667,2546.7907,5.9878
DCOA-TS,Scenario_2000,2000,1020,0.20,0.70,0.10,212.7835,31924.6939,92.0600
DCOA-TS,Scenario_2000,2000,1026,0.80,0.10,0.10,237.5068,35630.3267,95.4203
DCOA-TS,Scenario_50,50,1007,0.45,0.45,0.10,10.4517,1569.1726,3.0617
DCOA-TS,Scenario_2000,2000,1019,0.80,0.10,0.10,220.7159,33110.5666,94.2402
DCOA-TS,Scenario_50,50,1008,0.45,0.45,0.10,11.2647,1691.3895,2.7227
DCOA-TS,Scenario_100,100,1022,0.20,0.70,0.10,19.2065,2882.5848,6.1460
DCOA-TS,Scenario_50,50,1001,0.45,0.45,0.10,11.2019,1681.9493,3.2003
DCOA-TS,Scenario_1000,1000,1022,0.20,0.70,0.10,114.3206,17153.4251,45.8512
DCOA-TS,Scenario_2000,2000,1018,0.20,0.70,0.10,217.2367,32591.7760,92.2197
DCOA-TS,Scenario_50,50,1002,0.45,0.45,0.10,10.4480,1568.7664,2.4850
DCOA-TS,Scenario_2000,2000,1006,0.80,0.10,0.10,244.7200,36712.6186,95.4260
DCOA-TS,Scenario_100,100,1011,0.20,0.70,0.10,19.5040,2927.2478,6.8534
DCOA-TS,Scenario_500,500,1019,0.45,0.45,0.10,72.7362,10913.4045,25.6237
DCOA-TS,Scenario_50,50,1003,0.45,0.45,0.10,11.1912,1680.5521,2.7016
DCOA-TS,Scenario_2000,2000,1024,0.80,0.10,0.10,225.8312,33880.6895,94.8656
DCOA-TS,Scenario_500,500,1014,0.20,0.70,0.10,62.1060,9319.4603,22.9303
DCOA-TS,Scenario_50,50,1029,0.80,0.10,0.10,16.1782,2427.7911,5.6615
DCOA-TS,Scenario_100,100,1012,0.20,0.70,0.10,19.6068,2942.4696,6.3258
DCOA-TS,Scenario_50,50,1000,0.45,0.45,0.10,11.0497,1658.6612,3.5317
DCOA-TS,Scenario_2000,2000,1028,0.45,0.45,0.10,214.3443,32159.2313,91.7721
DCOA-TS,Scenario_50,50,1011,0.80,0.10,0.10,19.2424,2889.9466,6.9336
DCOA-TS,Scenario_500,500,1002,0.45,0.45,0.10,76.5009,11478.9096,24.1703
DCOA-TS,Scenario_100,100,1013,0.20,0.70,0.10,20.4408,3068.1333,6.2111
DCOA-TS,Scenario_50,50,1012,0.80,0.10,0.10,18.8503,2828.3340,6.9399
DCOA-TS,Scenario_500,500,1011,0.80,0.10,0.10,85.1820,12780.2211,27.3584
DCOA-TS,Scenario_50,50,1013,0.80,0.10,0.10,22.4297,3365.4600,7.4089
DCOA-TS,Scenario_100,100,1014,0.20,0.70,0.10,18.5386,2782.6466,6.0202
DCOA-TS,Scenario_500,500,1019,0.20,0.70,0.10,64.5079,9679.0092,23.3252
DCOA-TS,Scenario_50,50,1009,0.80,0.10,0.10,20.8576,3129.7671,6.4797
DCOA-TS,Scenario_2000,2000,1001,0.45,0.45,0.10,214.0860,32119.6099,92.3309
DCOA-TS,Scenario_50,50,1010,0.80,0.10,0.10,16.9506,2561.1247,6.8689
DCOA-TS,Scenario_100,100,1015,0.20,0.70,0.10,19.4692,2922.0919,5.9266
DCOA-TS,Scenario_500,500,1020,0.45,0.45,0.10,61.6905,9257.0491,22.8670
DCOA-TS,Scenario_50,50,1016,0.80,0.10,0.10,20.8921,3136.0002,7.3601
DCOA-TS,Scenario_1000,1000,1015,0.80,0.10,0.10,129.6815,19456.0100,49.4966
DCOA-TS,Scenario_500,500,1010,0.20,0.70,0.10,69.2732,10394.0377,24.9576
DCOA-TS,Scenario_50,50,1017,0.80,0.10,0.10,15.9705,2396.6053,5.9179
DCOA-TS,Scenario_2000,2000,1000,0.80,0.10,0.10,229.8970,34488.1324,94.4834
DCOA-TS,Scenario_100,100,1009,0.20,0.70,0.10,17.1529,2574.8145,6.0409
DCOA-TS,Scenario_50,50,1018,0.80,0.10,0.10,19.4632,2920.2985,6.7442
DCOA-TS,Scenario_1000,1000,1013,0.20,0.70,0.10,109.6942,16459.7607,45.9455
DCOA-TS,Scenario_50,50,1014,0.80,0.10,0.10,17.5962,2641.0680,5.1808
DCOA-TS,Scenario_100,100,1010,0.20,0.70,0.10,18.3447,2753.5755,5.8111
DCOA-TS,Scenario_500,500,1021,0.80,0.10,0.10,80.2989,12047.5614,27.5790
DCOA-TS,Scenario_50,50,1015,0.80,0.10,0.10,22.2650,3341.5076,7.7892
DCOA-TS,Scenario_1000,1000,1025,0.45,0.45,0.10,116.0760,17417.4368,46.3962
DCOA-TS,Scenario_500,500,1012,0.80,0.10,0.10,87.4203,13115.6848,25.8061
DCOA-TS,Scenario_50,50,1004,0.80,0.10,0.10,20.4503,3068.9197,6.0969
DCOA-TS,Scenario_100,100,1007,0.20,0.70,0.10,19.3039,2897.1787,6.5041
DCOA-TS,Scenario_500,500,1015,0.20,0.70,0.10,61.3512,9206.0773,22.8424
DCOA-TS,Scenario_50,50,1005,0.80,0.10,0.10,17.4248,2614.4791,6.6180
DCOA-TS,Scenario_1000,1000,1023,0.20,0.70,0.10,118.0077,17706.3143,46.1354
DCOA-TS,Scenario_50,50,1006,0.80,0.10,0.10,17.0883,2581.9385,6.8347
DCOA-TS,Scenario_100,100,1008,0.20,0.70,0.10,18.0715,2712.5193,6.2056
DCOA-TS,Scenario_50,50,1007,0.80,0.10,0.10,23.4365,3516.9786,8.0173
DCOA-TS,Scenario_500,500,1016,0.45,0.45,0.10,69.1582,10376.3187,24.4786
DCOA-TS,Scenario_2000,2000,1029,0.80,0.10,0.10,232.6743,34905.1249,94.9891
DCOA-TS,Scenario_50,50,1008,0.80,0.10,0.10,20.0524,3008.7858,6.6411
DCOA-TS,Scenario_500,500,1011,0.20,0.70,0.10,64.5738,9689.9497,23.6314
DCOA-TS,Scenario_50,50,1002,0.80,0.10,0.10,21.6412,3247.0374,7.1721
DCOA-TS,Scenario_50,50,1003,0.80,0.10,0.10,17.2885,2594.6444,4.7389
DCOA-TS,Scenario_500,500,1022,0.80,0.10,0.10,67.6720,10153.9589,23.8771
DCOA-TS,Scenario_50,50,1000,0.80,0.10,0.10,19.0656,2860.7039,6.5486
DCOA-TS,Scenario_500,500,1013,0.80,0.10,0.10,89.6279,13447.1418,28.2854
DCOA-TS,Scenario_50,50,1001,0.80,0.10,0.10,21.9356,3291.2955,7.4805
DCOA-TS,Scenario_500,500,1016,0.20,0.70,0.10,61.4600,9223.2291,22.8072
DCOA-TS,Scenario_500,500,1008,0.80,0.10,0.10,75.2121,11285.0453,24.5028
DCOA-TS,Scenario_2000,2000,1016,0.20,0.70,0.10,217.1688,32583.8256,92.3618
DCOA-TS,Scenario_500,500,1017,0.45,0.45,0.10,66.6327,9998.1837,22.8370
DCOA-TS,Scenario_1000,1000,1016,0.80,0.10,0.10,131.9015,19788.4317,49.1465
DCOA-TS,Scenario_500,500,1000,0.20,0.70,0.10,64.7314,9713.0157,23.1107
DCOA-TS,Scenario_2000,2000,1026,0.20,0.70,0.10,210.4850,31578.3283,91.6965
DCOA-TS,Scenario_2000,2000,1013,0.20,0.70,0.10,216.1024,32421.6595,92.8487
DCOA-TS,Scenario_1000,1000,1001,0.20,0.70,0.10,112.4894,16877.2118,45.6553
DCOA-TS,Scenario_2000,2000,1027,0.80,0.10,0.10,224.8194,33726.4003,93.9418
DCOA-TS,Scenario_500,500,1023,0.80,0.10,0.10,84.9685,12748.3079,28.5370
DCOA-TS,Scenario_2000,2000,1020,0.80,0.10,0.10,232.0663,34816.9572,92.5506
DCOA-TS,Scenario_500,500,1014,0.80,0.10,0.10,81.5282,12232.2275,27.9017
DCOA-TS,Scenario_500,500,1011,0.45,0.45,0.10,73.5719,11038.8190,25.6341
DCOA-TS,Scenario_2000,2000,1022,0.20,0.70,0.10,214.6282,32201.0786,93.1963
DCOA-TS,Scenario_500,500,1023,0.45,0.45,0.10,61.5597,9236.5735,22.7779
DCOA-TS,Scenario_2000,2000,1029,0.45,0.45,0.10,209.0560,31366.4881,91.9942
DCOA-TS,Scenario_500,500,1001,0.20,0.70,0.10,66.8265,10027.0354,23.7698
DCOA-TS,Scenario_1000,1000,1016,0.20,0.70,0.10,115.1271,17272.4989,45.9216
DCOA-TS,Scenario_500,500,1024,0.80,0.10,0.10,78.3185,11751.2504,25.1525
DCOA-TS,Scenario_500,500,1009,0.80,0.10,0.10,77.8747,11683.9545,27.6580
DCOA-TS,Scenario_500,500,1015,0.80,0.10,0.10,83.2968,12497.4590,27.0991
DCOA-TS,Scenario_1000,1000,1000,0.80,0.10,0.10,140.6875,21106.3687,50.6016
DCOA-TS,Scenario_1000,1000,1014,0.20,0.70,0.10,115.3151,17301.9404,45.9832
DCOA-TS,Scenario_500,500,1012,0.45,0.45,0.10,66.2394,9940.5247,23.4062
DCOA-TS,Scenario_2000,2000,1001,0.80,0.10,0.10,231.5803,34739.7738,95.1680
DCOA-TS,Scenario_500,500,1024,0.45,0.45,0.10,63.3718,9508.8145,22.8561
DCOA-TS,Scenario_500,500,1002,0.20,0.70,0.10,64.6390,9698.5508,23.5154
DCOA-TS,Scenario_2000,2000,1010,0.80,0.10,0.10,232.3076,34851.0711,95.0647
DCOA-TS,Scenario_1000,1000,1019,0.45,0.45,0.10,118.1166,17721.9207,45.4546
DCOA-TS,Scenario_1000,1000,1002,0.20,0.70,0.10,111.5560,16737.8961,45.3841
DCOA-TS,Scenario_5000,5000,1007,0.80,0.10,0.10,531.2215,79697.4649,231.8371
DCOA-TS,Scenario_500,500,1025,0.80,0.10,0.10,76.7304,11512.3675,27.0917
DCOA-TS,Scenario_500,500,1010,0.80,0.10,0.10,82.8668,12433.2439,28.8391
DCOA-TS,Scenario_500,500,1018,0.80,0.10,0.10,83.9091,12588.8346,28.1632
DCOA-TS,Scenario_5000,5000,1018,0.20,0.70,0.10,501.5292,75240.7468,231.0556
DCOA-TS,Scenario_5000,5000,1013,0.20,0.70,0.10,504.4169,75672.9303,231.1531
DCOA-TS,Scenario_2000,2000,1002,0.45,0.45,0.10,218.6202,32798.2834,92.4615
DCOA-TS,Scenario_1000,1000,1022,0.80,0.10,0.10,140.9897,21151.9908,50.2049
DCOA-TS,Scenario_5000,5000,1003,0.45,0.45,0.10,508.3900,76269.3359,231.2051
DCOA-TS,Scenario_500,500,1025,0.45,0.45,0.10,68.3104,10249.1915,24.1256
DCOA-TS,Scenario_1000,1000,1017,0.20,0.70,0.10,112.2580,16842.0478,45.8771
DCOA-TS,Scenario_500,500,1003,0.20,0.70,0.10,59.5113,8931.0654,22.7187
DCOA-TS,Scenario_2000,2000,1007,0.80,0.10,0.10,231.5791,34741.1063,95.2067
DCOA-TS,Scenario_5000,5000,1008,0.20,0.70,0.10,511.5006,76735.6476,231.7895
DCOA-TS,Scenario_500,500,1019,0.80,0.10,0.10,71.0846,10665.4638,24.7009
DCOA-TS,Scenario_2000,2000,1021,0.20,0.70,0.10,209.0711,31366.9654,91.8579
DCOA-TS,Scenario_500,500,1006,0.80,0.10,0.10,84.9736,12749.5917,27.2161
DCOA-TS,Scenario_5000,5000,1017,0.80,0.10,0.10,517.3815,77616.5758,234.1964
DCOA-TS,Scenario_5000,5000,1016,0.45,0.45,0.10,506.3892,75975.8372,230.9740
DCOA-TS,Scenario_5000,5000,1006,0.20,0.70,0.10,520.8726,78142.1924,232.9425
DCOA-TS,Scenario_1000,1000,1001,0.80,0.10,0.10,127.7941,19172.5190,49.2825
DCOA-TS,Scenario_5000,5000,1026,0.20,0.70,0.10,509.2163,76403.5160,230.6649
DCOA-TS,Scenario_500,500,1013,0.45,0.45,0.10,62.3142,9349.9941,22.4259
DCOA-TS,Scenario_5000,5000,1003,0.20,0.70,0.10,517.0409,77571.1764,231.8115
DCOA-TS,Scenario_500,500,1021,0.45,0.45,0.10,66.5446,9984.6117,23.4898
DCOA-TS,Scenario_1000,1000,1020,0.45,0.45,0.10,111.6876,16755.9091,45.6789
DCOA-TS,Scenario_500,500,1004,0.20,0.70,0.10,70.8785,10634.8906,24.9891
DCOA-TS,Scenario_1000,1000,1003,0.20,0.70,0.10,116.8931,17537.6837,46.0151
DCOA-TS,Scenario_2000,2000,1003,0.80,0.10,0.10,225.9610,33899.1604,94.1455
DCOA-TS,Scenario_2000,2000,1021,0.80,0.10,0.10,230.9467,34646.8614,94.8265
DCOA-TS,Scenario_500,500,1020,0.80,0.10,0.10,88.0553,13210.8440,28.0845
DCOA-TS,Scenario_2000,2000,1023,0.20,0.70,0.10,218.8944,32840.6546,92.6457
DCOA-TS,Scenario_1000,1000,1026,0.20,0.70,0.10,111.1894,16684.1139,45.4972
DCOA-TS,Scenario_500,500,1007,0.80,0.10,0.10,85.7620,12867.0970,29.6538
DCOA-TS,Scenario_1000,1000,1023,0.80,0.10,0.10,123.7100,18559.5552,49.4456
DCOA-TS,Scenario_1000,1000,1015,0.20,0.70,0.10,115.3703,17311.1820,45.7307
DCOA-TS,Scenario_2000,2000,1000,0.20,0.70,0.10,214.1968,32135.9873,92.5539
DCOA-TS,Scenario_1000,1000,1018,0.20,0.70,0.10,107.1493,16077.7076,45.6548
DCOA-TS,Scenario_500,500,1022,0.45,0.45,0.10,65.9090,9889.4620,23.4832
DCOA-TS,Scenario_500,500,1028,0.45,0.45,0.10,63.7520,9567.8194,22.9625
DCOA-TS,Scenario_5000,5000,1016,0.20,0.70,0.10,513.6989,77067.3735,230.6815
DCOA-TS,Scenario_500,500,1016,0.80,0.10,0.10,80.6250,12096.4297,26.7669
DCOA-TS,Scenario_1000,1000,1002,0.80,0.10,0.10,116.9491,17545.9276,46.2868
DCOA-TS,Scenario_5000,5000,1026,0.80,0.10,0.10,520.4454,78083.1129,230.3657
DCOA-TS,Scenario_500,500,1008,0.45,0.45,0.10,70.3801,10561.5462,23.4017
DCOA-TS,Scenario_2000,2000,1002,0.80,0.10,0.10,223.7604,33571.9167,92.3081
DCOA-TS,Scenario_500,500,1014,0.45,0.45,0.10,63.6027,9543.3044,23.1599
DCOA-TS,Scenario_2000,2000,1014,0.45,0.45,0.10,227.7563,34171.2695,92.7047
DCOA-TS,Scenario_500,500,1029,0.45,0.45,0.10,66.3274,9952.6801,23.7291
DCOA-TS,Scenario_1000,1000,1029,0.45,0.45,0.10,111.9155,16790.3724,45.4300
DCOA-TS,Scenario_500,500,1017,0.80,0.10,0.10,86.7121,13009.1603,28.6688
DCOA-TS,Scenario_1000,1000,1021,0.45,0.45,0.10,120.8125,18124.9362,47.7381
DCOA-TS,Scenario_1000,1000,1027,0.20,0.70,0.10,114.0006,17104.8733,45.7810
DCOA-TS,Scenario_1000,1000,1017,0.45,0.45,0.10,117.9431,17695.0784,46.4966
DCOA-TS,Scenario_1000,1000,1024,0.80,0.10,0.10,122.6373,18398.2580,46.5624
DCOA-TS,Scenario_1000,1000,1010,0.80,0.10,0.10,125.2768,18794.5797,49.2979
DCOA-TS,Scenario_500,500,1009,0.45,0.45,0.10,65.3869,9810.8304,23.5625
DCOA-TS,Scenario_5000,5000,1004,0.80,0.10,0.10,522.6322,78402.2101,234.1316
DCOA-TS,Scenario_2000,2000,1007,0.20,0.70,0.10,214.0457,32116.2377,91.6950
DCOA-TS,Scenario_500,500,1026,0.45,0.45,0.10,78.7494,11815.1247,24.2700
DCOA-TS,Scenario_5000,5000,1011,0.20,0.70,0.10,508.4513,76284.9286,230.8721
DCOA-TS,Scenario_1000,1000,1007,0.45,0.45,0.10,113.1597,16977.3348,45.7379
DCOA-TS,Scenario_1000,1000,1003,0.80,0.10,0.10,131.9615,19798.4462,49.6584
DCOA-TS,Scenario_500,500,1015,0.45,0.45,0.10,66.0396,9909.1385,23.4228
DCOA-TS,Scenario_500,500,1010,0.45,0.45,0.10,77.4563,11622.3881,25.2915
DCOA-TS,Scenario_2000,2000,1004,0.80,0.10,0.10,228.2926,34248.4603,95.6629
DCOA-TS,Scenario_500,500,1027,0.45,0.45,0.10,68.5139,10281.4086,22.8240
DCOA-TS,Scenario_2000,2000,1022,0.80,0.10,0.10,234.3766,35160.5033,95.4925
DCOA-TS,Scenario_2000,2000,1011,0.80,0.10,0.10,229.2994,34398.9556,94.1477
DCOA-TS,Scenario_1000,1000,1024,0.20,0.70,0.10,111.6629,16753.1903,45.5109
DCOA-TS,Scenario_1000,1000,1018,0.45,0.45,0.10,115.9645,17399.2398,46.0538
DCOA-TS,Scenario_5000,5000,1000,0.80,0.10,0.10,531.4343,79724.2536,233.1930
DCOA-TS,Scenario_1000,1000,1000,0.20,0.70,0.10,114.4859,17177.8013,46.1546
DCOA-TS,Scenario_1000,1000,1020,0.80,0.10,0.10,133.2162,19986.3461,49.9494
DCOA-TS,Scenario_2000,2000,1001,0.20,0.70,0.10,220.6043,33100.4842,92.2561
DCOA-TS,Scenario_1000,1000,1022,0.45,0.45,0.10,122.3623,18359.4675,46.1644
DCOA-TS,Scenario_1000,1000,1011,0.80,0.10,0.10,133.8845,20085.4781,49.9797
DCOA-TS,Scenario_2000,2000,1008,0.80,0.10,0.10,231.0332,34660.2057,94.5919
DCOA-TS,Scenario_500,500,1006,0.45,0.45,0.10,69.4229,10416.7085,23.8742
DCOA-TS,Scenario_500,500,1027,0.20,0.70,0.10,65.7809,9871.3531,23.4183
DCOA-TS,Scenario_1000,1000,1008,0.45,0.45,0.10,122.8013,18424.2024,47.0301
DCOA-TS,Scenario_1000,1000,1004,0.80,0.10,0.10,133.7568,20066.8450,49.7437
DCOA-TS,Scenario_2000,2000,1007,0.45,0.45,0.10,232.3009,34852.2067,92.2656
DCOA-TS,Scenario_2000,2000,1004,0.20,0.70,0.10,214.2715,32148.0955,93.0527
DCOA-TS,Scenario_2000,2000,1015,0.45,0.45,0.10,218.7489,32817.6653,91.9234
DCOA-TS,Scenario_500,500,1007,0.45,0.45,0.10,71.0510,10661.5700,23.9029
DCOA-TS,Scenario_500,500,1028,0.20,0.70,0.10,60.1683,9028.1932,22.6482
DCOA-TS,Scenario_2000,2000,1019,0.45,0.45,0.10,220.2666,33047.2742,92.0271
DCOA-TS,Scenario_1000,1000,1015,0.45,0.45,0.10,114.6482,17202.6847,46.3082
DCOA-TS,Scenario_1000,1000,1025,0.20,0.70,0.10,108.6457,16300.3570,45.6581
DCOA-TS,Scenario_1000,1000,1021,0.80,0.10,0.10,127.8933,19187.2188,48.6275
DCOA-TS,Scenario_1000,1000,1023,0.45,0.45,0.10,123.7045,18558.8725,48.3378
DCOA-TS,Scenario_2000,2000,1008,0.20,0.70,0.10,205.9908,30909.3665,91.8787
DCOA-TS,Scenario_500,500,1029,0.20,0.70,0.10,60.9917,9151.4210,22.6609
DCOA-TS,Scenario_1000,1000,1009,0.45,0.45,0.10,120.2931,18048.3395,46.4990
DCOA-TS,Scenario_1000,1000,1012,0.80,0.10,0.10,119.9339,17994.0905,46.0822
DCOA-TS,Scenario_500,500,1025,0.20,0.70,0.10,65.7015,9859.2174,23.6400
DCOA-TS,Scenario_2000,2000,1012,0.80,0.10,0.10,214.9065,32242.2492,91.9288
DCOA-TS,Scenario_2000,2000,1009,0.20,0.70,0.10,212.1212,31824.7067,91.8146
DCOA-TS,Scenario_2000,2000,1024,0.45,0.45,0.10,212.6154,31902.1762,92.2733
DCOA-TS,Scenario_2000,2000,1009,0.80,0.10,0.10,220.9698,33149.1642,93.5742
DCOA-TS,Scenario_2000,2000,1005,0.45,0.45,0.10,209.5192,31436.2947,91.7965
DCOA-TS,Scenario_1000,1000,1016,0.45,0.45,0.10,122.2546,18342.4965,46.0250
DCOA-TS,Scenario_1000,1000,1005,0.45,0.45,0.10,114.9080,17240.3859,45.9595
DCOA-TS,Scenario_500,500,1026,0.20,0.70,0.10,62.2574,9341.5591,22.8876
DCOA-TS,Scenario_1000,1000,1013,0.80,0.10,0.10,125.0923,18767.7155,49.1861
DCOA-TS,Scenario_2000,2000,1015,0.80,0.10,0.10,217.0503,32563.6021,92.1499
DCOA-TS,Scenario_2000,2000,1008,0.45,0.45,0.10,223.3686,33511.1296,91.9239
DCOA-TS,Scenario_2000,2000,1005,0.20,0.70,0.10,224.3689,33663.9086,92.1316
DCOA-TS,Scenario_2000,2000,1016,0.45,0.45,0.10,212.3957,31867.9652,92.3304
DCOA-TS,Scenario_1000,1000,1007,0.80,0.10,0.10,124.6626,18703.2748,46.6145
DCOA-TS,Scenario_2000,2000,1003,0.45,0.45,0.10,223.6154,33550.0947,92.2898
DCOA-TS,Scenario_2000,2000,1020,0.45,0.45,0.10,212.0232,31807.0447,93.7802
DCOA-TS,Scenario_2000,2000,1012,0.45,0.45,0.10,212.6321,31902.3891,91.4827
DCOA-TS,Scenario_2000,2000,1013,0.80,0.10,0.10,227.1215,34071.7465,94.5790
DCOA-TS,Scenario_2000,2000,1022,0.45,0.45,0.10,216.9513,32549.4167,92.1793
DCOA-TS,Scenario_1000,1000,1005,0.80,0.10,0.10,130.7891,19622.0583,49.8416
DCOA-TS,Scenario_1000,1000,1006,0.45,0.45,0.10,112.3423,16855.3933,45.6970
DCOA-TS,Scenario_1000,1000,1014,0.80,0.10,0.10,127.8512,19182.2153,48.9845
DCOA-TS,Scenario_5000,5000,1008,0.80,0.10,0.10,510.3363,76563.3630,231.0450
DCOA-TS,Scenario_1000,1000,1008,0.80,0.10,0.10,127.1844,19081.2265,49.2973
DCOA-TS,Scenario_2000,2000,1010,0.20,0.70,0.10,212.2663,31845.3239,92.3838
DCOA-TS,Scenario_2000,2000,1025,0.45,0.45,0.10,231.2503,34694.9734,92.7703
DCOA-TS,Scenario_5000,5000,1019,0.20,0.70,0.10,510.9306,76661.4782,230.5260
DCOA-TS,Scenario_5000,5000,1009,0.80,0.10,0.10,542.6094,81397.6691,234.0294
DCOA-TS,Scenario_1000,1000,1006,0.80,0.10,0.10,129.9482,19495.5179,49.7237
DCOA-TS,Scenario_2000,2000,1006,0.45,0.45,0.10,217.5689,32644.3365,92.2911
DCOA-TS,Scenario_1000,1000,1012,0.45,0.45,0.10,120.2201,18038.0845,45.9222
DCOA-TS,Scenario_5000,5000,1027,0.20,0.70,0.10,495.2491,74298.7112,230.7471
DCOA-TS,Scenario_5000,5000,1004,0.20,0.70,0.10,520.9106,78157.3468,231.2754
DCOA-TS,Scenario_5000,5000,1018,0.80,0.10,0.10,518.6189,77803.3193,231.2156
DCOA-TS,Scenario_2000,2000,1016,0.80,0.10,0.10,233.1950,34983.4022,94.8889
DCOA-TS,Scenario_2000,2000,1009,0.45,0.45,0.10,225.1281,33776.1809,93.6127
DCOA-TS,Scenario_5000,5000,1014,0.20,0.70,0.10,506.4097,75981.3280,231.3172
DCOA-TS,Scenario_2000,2000,1006,0.20,0.70,0.10,208.2072,31238.8116,91.5552
DCOA-TS,Scenario_5000,5000,1007,0.20,0.70,0.10,512.3289,76859.3540,231.1973
DCOA-TS,Scenario_5000,5000,1009,0.20,0.70,0.10,510.3317,76566.8337,231.2582
DCOA-TS,Scenario_1000,1000,1000,0.45,0.45,0.10,120.1969,18035.3547,46.0676
DCOA-TS,Scenario_1000,1000,1009,0.80,0.10,0.10,131.4997,19727.8182,49.6777
DCOA-TS,Scenario_2000,2000,1004,0.45,0.45,0.10,215.1673,32280.2104,92.4181
DCOA-TS,Scenario_2000,2000,1021,0.45,0.45,0.10,222.9337,33444.8591,92.3033
DCOA-TS,Scenario_2000,2000,1013,0.45,0.45,0.10,223.3838,33511.9289,94.2859
DCOA-TS,Scenario_2000,2000,1014,0.80,0.10,0.10,225.9134,33890.4661,95.6589
DCOA-TS,Scenario_2000,2000,1002,0.20,0.70,0.10,214.3520,32161.9172,91.9097
DCOA-TS,Scenario_1000,1000,1013,0.45,0.45,0.10,109.7006,16458.5026,45.6179
DCOA-TS,Scenario_5000,5000,1027,0.80,0.10,0.10,521.8609,78286.3371,234.1737
DCOA-TS,Scenario_5000,5000,1017,0.45,0.45,0.10,513.1216,76982.0009,231.7738
DCOA-TS,Scenario_5000,5000,1004,0.45,0.45,0.10,522.1931,78346.6064,230.8797
DCOA-TS,Scenario_2000,2000,1023,0.45,0.45,0.10,214.2727,32146.0950,91.9793
DCOA-TS,Scenario_1000,1000,1027,0.80,0.10,0.10,129.2730,19393.3199,49.4749
DCOA-TS,Scenario_5000,5000,1012,0.20,0.70,0.10,514.2460,77150.6082,231.2861
DCOA-TS,Scenario_2000,2000,1026,0.45,0.45,0.10,219.4020,32915.5152,91.8288
DCOA-TS,Scenario_1000,1000,1025,0.80,0.10,0.10,127.8412,19178.8123,49.1975
DCOA-TS,Scenario_2000,2000,1011,0.20,0.70,0.10,218.8845,32840.0233,92.6908
DCOA-TS,Scenario_1000,1000,1014,0.45,0.45,0.10,123.6794,18555.5256,46.2246
DCOA-TS,Scenario_2000,2000,1017,0.80,0.10,0.10,229.5609,34438.6746,95.3142
DCOA-TS,Scenario_2000,2000,1010,0.45,0.45,0.10,205.3264,30805.4865,91.9727
DCOA-TS,Scenario_5000,5000,1001,0.80,0.10,0.10,517.2776,77598.7594,233.4853
DCOA-TS,Scenario_2000,2000,1027,0.20,0.70,0.10,206.2298,30942.1957,92.0200
DCOA-TS,Scenario_1000,1000,1001,0.45,0.45,0.10,115.4286,17317.3481,45.6780
DCOA-TS,Scenario_1000,1000,1028,0.80,0.10,0.10,132.4279,19867.2603,48.8690
DCOA-TS,Scenario_2000,2000,1017,0.45,0.45,0.10,226.3171,33953.3472,92.1606
DCOA-TS,Scenario_1000,1000,1026,0.80,0.10,0.10,128.6685,19303.8520,49.7029
DCOA-TS,Scenario_1000,1000,1010,0.45,0.45,0.10,113.3276,17002.2730,46.1493
DCOA-TS,Scenario_5000,5000,1008,0.45,0.45,0.10,513.2946,77005.7989,230.8666
DCOA-TS,Scenario_1000,1000,1029,0.80,0.10,0.10,125.7576,18866.4657,49.4212
DCOA-TS,Scenario_5000,5000,1017,0.20,0.70,0.10,495.8775,74397.2438,230.6611
DCOA-TS,Scenario_5000,5000,1005,0.80,0.10,0.10,542.8141,81430.5411,234.1002
DCOA-TS,Scenario_1000,1000,1002,0.45,0.45,0.10,120.7991,18125.5201,45.6973
DCOA-TS,Scenario_1000,1000,1011,0.45,0.45,0.10,127.4009,19113.6535,48.4856
DCOA-TS,Scenario_2000,2000,1011,0.45,0.45,0.10,215.1389,32277.7257,92.1998
DCOA-TS,Scenario_2000,2000,1003,0.20,0.70,0.10,209.7052,31463.6904,91.4864
DCOA-TS,Scenario_2000,2000,1018,0.45,0.45,0.10,219.6336,32948.6749,93.7542
DCOA-TS,Scenario_2000,2000,1028,0.20,0.70,0.10,214.6534,32204.6692,92.2098
DCOA-TS,Scenario_1000,1000,1003,0.45,0.45,0.10,117.0656,17563.2684,46.6368
DCOA-TS,Scenario_5000,5000,1006,0.45,0.45,0.10,528.3258,79266.6971,231.0065
DCOA-TS,Scenario_1000,1000,1004,0.45,0.45,0.10,115.1200,17270.9046,46.2439
DCOA-TS,Scenario_5000,5000,1020,0.20,0.70,0.10,526.8460,79048.2965,231.6877
DCOA-TS,Scenario_5000,5000,1026,0.45,0.45,0.10,499.9027,74997.1955,230.5330
DCOA-TS,Scenario_5000,5000,1002,0.80,0.10,0.10,507.5703,76144.2516,233.2012
DCOA-TS,Scenario_5000,5000,1001,0.20,0.70,0.10,506.9460,76059.4549,230.4947
DCOA-TS,Scenario_5000,5000,1024,0.80,0.10,0.10,519.4206,77922.3069,230.7981
DCOA-TS,Scenario_5000,5000,1005,0.20,0.70,0.10,512.1500,76834.2465,232.0614
DCOA-TS,Scenario_5000,5000,1019,0.80,0.10,0.10,532.9691,79951.0108,234.1863
DCOA-TS,Scenario_5000,5000,1010,0.20,0.70,0.10,528.8241,79335.2879,232.2166
DCOA-TS,Scenario_5000,5000,1015,0.20,0.70,0.10,537.5206,80645.2848,233.0538
DCOA-TS,Scenario_5000,5000,1013,0.45,0.45,0.10,510.8446,76640.2975,230.9731
DCOA-TS,Scenario_5000,5000,1014,0.80,0.10,0.10,531.0512,79668.1767,232.9126
DCOA-TS,Scenario_5000,5000,1028,0.80,0.10,0.10,520.2681,78048.6047,233.3905
DCOA-TS,Scenario_5000,5000,1018,0.45,0.45,0.10,523.2594,78500.0407,233.3577
DCOA-TS,Scenario_5000,5000,1010,0.80,0.10,0.10,516.2894,77454.1004,230.9023
DCOA-TS,Scenario_5000,5000,1005,0.45,0.45,0.10,517.9780,77714.5355,230.9751
DCOA-TS,Scenario_5000,5000,1028,0.20,0.70,0.10,507.2077,76095.1002,231.1751
DCOA-TS,Scenario_5000,5000,1006,0.80,0.10,0.10,524.7163,78717.5402,233.4895
DCOA-TS,Scenario_5000,5000,1023,0.20,0.70,0.10,523.9191,78604.0199,231.0805
DCOA-TS,Scenario_5000,5000,1022,0.80,0.10,0.10,512.5994,76896.6425,233.0968
DCOA-TS,Scenario_5000,5000,1007,0.45,0.45,0.10,501.6991,75264.8977,230.7964
DCOA-TS,Scenario_5000,5000,1001,0.45,0.45,0.10,521.7994,78280.7877,233.5654
DCOA-TS,Scenario_5000,5000,1009,0.45,0.45,0.10,511.9333,76806.4530,232.0346
DCOA-TS,Scenario_5000,5000,1027,0.45,0.45,0.10,520.5094,78095.1728,231.1879
DCOA-TS,Scenario_5000,5000,1002,0.20,0.70,0.10,503.7496,75575.6633,230.8920
DCOA-TS,Scenario_5000,5000,1029,0.80,0.10,0.10,530.0313,79513.6391,233.3720
DCOA-TS,Scenario_5000,5000,1014,0.45,0.45,0.10,513.6374,77054.4512,231.8368
DCOA-TS,Scenario_5000,5000,1025,0.80,0.10,0.10,531.2641,79694.7829,234.0496
DCOA-TS,Scenario_5000,5000,1015,0.80,0.10,0.10,518.0406,77715.1729,232.5107
DCOA-TS,Scenario_5000,5000,1003,0.80,0.10,0.10,536.2050,80442.1782,230.5238
DCOA-TS,Scenario_5000,5000,1011,0.80,0.10,0.10,524.0921,78622.0178,233.8947
DCOA-TS,Scenario_5000,5000,1019,0.45,0.45,0.10,512.5665,76908.8787,230.8620
DCOA-TS,Scenario_5000,5000,1023,0.45,0.45,0.10,514.3034,77157.1208,231.1433
DCOA-TS,Scenario_5000,5000,1029,0.20,0.70,0.10,514.4074,77179.1874,231.5090
DCOA-TS,Scenario_5000,5000,1020,0.80,0.10,0.10,534.0800,80118.0895,233.9372
DCOA-TS,Scenario_5000,5000,1024,0.20,0.70,0.10,512.6466,76913.1622,231.2795
DCOA-TS,Scenario_5000,5000,1002,0.45,0.45,0.10,505.8111,75879.1670,231.1237
DCOA-TS,Scenario_5000,5000,1023,0.80,0.10,0.10,516.6248,77501.2413,233.6782
DCOA-TS,Scenario_5000,5000,1021,0.45,0.45,0.10,500.6735,75118.7201,230.8201
DCOA-TS,Scenario_5000,5000,1028,0.45,0.45,0.10,512.0242,76824.9883,231.2587
DCOA-TS,Scenario_5000,5000,1010,0.45,0.45,0.10,518.1431,77741.2035,231.1210
DCOA-TS,Scenario_5000,5000,1000,0.45,0.45,0.10,516.4758,77482.0556,232.8975
DCOA-TS,Scenario_5000,5000,1015,0.45,0.45,0.10,524.5331,78698.1549,230.8191
DCOA-TS,Scenario_5000,5000,1016,0.80,0.10,0.10,526.9827,79054.8898,233.8092
DCOA-TS,Scenario_5000,5000,1021,0.20,0.70,0.10,496.7419,74529.2797,230.7902
DCOA-TS,Scenario_5000,5000,1012,0.80,0.10,0.10,528.5634,79295.9682,232.2086
DCOA-TS,Scenario_5000,5000,1025,0.20,0.70,0.10,512.3131,76856.5722,232.9886
DCOA-TS,Scenario_5000,5000,1020,0.45,0.45,0.10,516.5626,77510.0769,231.7595
DCOA-TS,Scenario_5000,5000,1024,0.45,0.45,0.10,504.7041,75719.1983,231.4018
DCOA-TS,Scenario_5000,5000,1022,0.45,0.45,0.10,521.2218,78198.8163,231.3954
DCOA-TS,Scenario_5000,5000,1021,0.80,0.10,0.10,546.2743,81951.5154,231.8365
DCOA-TS,Scenario_5000,5000,1011,0.45,0.45,0.10,502.4900,75385.2142,230.6202
DCOA-TS,Scenario_5000,5000,1022,0.20,0.70,0.10,505.8339,75887.5208,231.0356
DCOA-TS,Scenario_5000,5000,1029,0.45,0.45,0.10,497.5760,74652.5150,230.7301
DCOA-TS,Scenario_5000,5000,1013,0.80,0.10,0.10,531.6682,79760.4234,233.7649
DCOA-TS,Scenario_5000,5000,1025,0.45,0.45,0.10,518.2423,77752.7099,231.4572
DCOA-TS,Scenario_5000,5000,1012,0.45,0.45,0.10,504.3312,75662.8942,231.3117
DCOA-TS,Scenario_5000,5000,1000,0.20,0.70,0.10,519.1491,77888.7554,231.2960
DCOA-TS,Scenario_100000,100000,1010,0.45,0.45,0.10,9694.8866,1454768.7739,4644.6759
DCOA-TS,Scenario_100000,100000,1027,0.80,0.10,0.10,9679.2803,1452378.4205,4643.9430
DCOA-TS,Scenario_100000,100000,1015,0.45,0.45,0.10,9722.2797,1458918.9863,4644.1609
DCOA-TS,Scenario_100000,100000,1012,0.45,0.45,0.10,9611.1437,1441908.6918,4656.4560
DCOA-TS,Scenario_100000,100000,1013,0.80,0.10,0.10,9720.5608,1458802.8191,4642.9269
DCOA-TS,Scenario_100000,100000,1003,0.80,0.10,0.10,9680.7415,1452691.1307,4644.2973
DCOA-TS,Scenario_100000,100000,1005,0.45,0.45,0.10,9672.6066,1451502.8777,4646.3175
DCOA-TS,Scenario_100000,100000,1011,0.80,0.10,0.10,9679.6586,1452377.8154,4644.1272
DCOA-TS,Scenario_100000,100000,1017,0.20,0.70,0.10,9632.4177,1445345.4072,4645.3210
DCOA-TS,Scenario_100000,100000,1022,0.80,0.10,0.10,9682.1738,1452788.1525,4647.2502
DCOA-TS,Scenario_100000,100000,1008,0.80,0.10,0.10,9640.1611,1446336.5263,4655.6789
DCOA-TS,Scenario_100000,100000,1007,0.45,0.45,0.10,9711.6757,1457296.3626,4645.4075
DCOA-TS,Scenario_100000,100000,1012,0.20,0.70,0.10,9672.6100,1451409.6748,4647.2756
DCOA-TS,Scenario_100000,100000,1027,0.20,0.70,0.10,9680.6729,1452602.4421,4644.0793
DCOA-TS,Scenario_100000,100000,1007,0.20,0.70,0.10,9744.1363,1462204.7558,4647.7457
DCOA-TS,Scenario_100000,100000,1020,0.45,0.45,0.10,9602.8815,1440819.0143,4645.7113
DCOA-TS,Scenario_100000,100000,1025,0.45,0.45,0.10,9614.8791,1442752.8940,4644.2348
DCOA-TS,Scenario_100000,100000,1002,0.45,0.45,0.10,9719.4749,1458333.3159,4646.6916
DCOA-TS,Scenario_100000,100000,1005,0.20,0.70,0.10,9686.8860,1453636.2192,4645.9008
DCOA-TS,Scenario_100000,100000,1010,0.20,0.70,0.10,9622.9757,1443960.0228,4647.1318
DCOA-TS,Scenario_100000,100000,1001,0.80,0.10,0.10,9736.5231,1461024.2302,4645.2268
DCOA-TS,Scenario_100000,100000,1020,0.80,0.10,0.10,9714.8651,1457589.8560,4644.1588
DCOA-TS,Scenario_100000,100000,1017,0.45,0.45,0.10,9692.6306,1454498.6454,4646.1651
DCOA-TS,Scenario_100000,100000,1002,0.20,0.70,0.10,9686.8763,1453485.7335,4646.0269
DCOA-TS,Scenario_100000,100000,1017,0.80,0.10,0.10,9678.7183,1452106.0354,4651.5917
DCOA-TS,Scenario_100000,100000,1000,0.20,0.70,0.10,9652.6669,1448377.9072,4644.5527
DCOA-TS,Scenario_100000,100000,1022,0.45,0.45,0.10,9779.4946,1467485.6023,4642.5566
DCOA-TS,Scenario_100000,100000,1025,0.20,0.70,0.10,9616.7880,1443085.9582,4645.9197
DCOA-TS,Scenario_100000,100000,1015,0.80,0.10,0.10,9680.3306,1452655.4195,4646.3104
DCOA-TS,Scenario_100000,100000,1000,0.45,0.45,0.10,9564.2488,1435114.4847,4655.8955
DCOA-TS,Scenario_100000,100000,1015,0.20,0.70,0.10,9606.1817,1441485.1788,4643.5041
DCOA-TS,Scenario_100000,100000,1020,0.20,0.70,0.10,9747.9171,1462756.4540,4648.8124
DCOA-TS,Scenario_100000,100000,1027,0.45,0.45,0.10,9621.1011,1443744.7074,4647.3859
DCOA-TS,Scenario_100000,100000,1022,0.20,0.70,0.10,9597.8923,1440294.4086,4645.4623
DCOA-TS,Scenario_100000,100000,1006,0.80,0.10,0.10,9754.0896,1463735.9243,4641.9104
DCOA-TS,Scenario_100000,100000,1025,0.80,0.10,0.10,9737.0927,1461141.8900,4642.6262
DCOA-TS,Scenario_100000,100000,1000,0.80,0.10,0.10,9652.6826,1448239.7140,4655.8074
DCOA-TS,Scenario_100000,100000,1011,0.45,0.45,0.10,9598.0369,1440362.5047,4644.1601
DCOA-TS,Scenario_100000,100000,1028,0.80,0.10,0.10,9772.0443,1466169.5431,4645.1387
DCOA-TS,Scenario_100000,100000,1002,0.80,0.10,0.10,9631.0369,1445338.6915,4644.5217
DCOA-TS,Scenario_100000,100000,1016,0.45,0.45,0.10,9738.0683,1461049.6104,4645.5840
DCOA-TS,Scenario_100000,100000,1021,0.45,0.45,0.10,9629.8354,1445053.9389,4645.1782
DCOA-TS,Scenario_100000,100000,1011,0.20,0.70,0.10,9636.3257,1445862.5101,4646.2127
DCOA-TS,Scenario_100000,100000,1003,0.45,0.45,0.10,9674.2260,1451714.7464,4645.7929
DCOA-TS,Scenario_100000,100000,1012,0.80,0.10,0.10,9843.6100,1477013.2338,4646.1126
DCOA-TS,Scenario_100000,100000,1013,0.45,0.45,0.10,9571.3929,1436298.4935,4642.8519
DCOA-TS,Scenario_100000,100000,1003,0.20,0.70,0.10,9576.3131,1437047.4765,4642.2468
DCOA-TS,Scenario_100000,100000,1004,0.80,0.10,0.10,9862.9277,1479960.8562,4647.8029
DCOA-TS,Scenario_100000,100000,1026,0.45,0.45,0.10,9569.5866,1435795.0387,4650.0338
DCOA-TS,Scenario_100000,100000,1006,0.20,0.70,0.10,9745.0423,1462260.4555,4646.0837
DCOA-TS,Scenario_100000,100000,1009,0.80,0.10,0.10,9631.0617,1445160.4717,4644.4274
DCOA-TS,Scenario_100000,100000,1023,0.80,0.10,0.10,9627.9604,1444708.5594,4640.3648
DCOA-TS,Scenario_100000,100000,1023,0.45,0.45,0.10,9669.9791,1450833.9675,4656.8857
DCOA-TS,Scenario_100000,100000,1013,0.20,0.70,0.10,9695.3231,1454808.6563,4647.0456
DCOA-TS,Scenario_100000,100000,1014,0.80,0.10,0.10,9745.7780,1462495.5494,4644.6668
DCOA-TS,Scenario_100000,100000,1008,0.20,0.70,0.10,9667.5971,1450689.6466,4643.2294
DCOA-TS,Scenario_100000,100000,1008,0.45,0.45,0.10,9622.8274,1443963.8562,4643.0826
DCOA-TS,Scenario_100000,100000,1006,0.45,0.45,0.10,9753.3106,1463468.1809,4647.2187
DCOA-TS,Scenario_100000,100000,1028,0.20,0.70,0.10,9685.7720,1453535.0190,4643.9912
DCOA-TS,Scenario_100000,100000,1018,0.20,0.70,0.10,9597.3658,1440121.2096,4645.2749
DCOA-TS,Scenario_100000,100000,1018,0.45,0.45,0.10,9698.2603,1455139.2886,4646.6935
DCOA-TS,Scenario_100000,100000,1026,0.20,0.70,0.10,9729.5286,1459989.7725,4644.9864
DCOA-TS,Scenario_100000,100000,1001,0.20,0.70,0.10,9676.4280,1451952.4971,4647.5256
DCOA-TS,Scenario_100000,100000,1018,0.80,0.10,0.10,9692.7200,1454287.0315,4649.9148
DCOA-TS,Scenario_100000,100000,1021,0.80,0.10,0.10,9792.8715,1469549.2770,4647.1071
DCOA-TS,Scenario_100000,100000,1001,0.45,0.45,0.10,9701.5226,1455703.7083,4645.1189
DCOA-TS,Scenario_100000,100000,1021,0.20,0.70,0.10,9693.5443,1454633.5506,4647.5804
DCOA-TS,Scenario_100000,100000,1028,0.45,0.45,0.10,9653.1827,1448569.8332,4644.6661
DCOA-TS,Scenario_100000,100000,1016,0.20,0.70,0.10,9559.6231,1434553.4787,4645.4432
DCOA-TS,Scenario_100000,100000,1026,0.80,0.10,0.10,9662.9454,1450112.0415,4644.3354
DCOA-TS,Scenario_100000,100000,1007,0.80,0.10,0.10,9675.6100,1451839.1797,4646.6444
DCOA-TS,Scenario_100000,100000,1023,0.20,0.70,0.10,9613.7611,1442644.7087,4645.3064
DCOA-TS,Scenario_100000,100000,1016,0.80,0.10,0.10,9815.1673,1472712.6063,4645.2813
DCOA-TS,Scenario_100000,100000,1029,0.80,0.10,0.10,9673.7071,1451618.4367,4645.9919
DCOA-TS,Scenario_100000,100000,1024,0.45,0.45,0.10,9628.4503,1444724.5171,4645.9814
DCOA-TS,Scenario_100000,100000,1029,0.45,0.45,0.10,9656.4734,1449074.0813,4646.6993
DCOA-TS,Scenario_100000,100000,1005,0.80,0.10,0.10,9715.2943,1457924.8736,4647.4754
DCOA-TS,Scenario_100000,100000,1010,0.80,0.10,0.10,9588.4762,1438617.4518,4655.1722
DCOA-TS,Scenario_100000,100000,1004,0.20,0.70,0.10,9623.9608,1444120.4865,4648.2635
DCOA-TS,Scenario_100000,100000,1024,0.20,0.70,0.10,9615.1809,1442727.7591,4646.9442
DCOA-TS,Scenario_100000,100000,1014,0.45,0.45,0.10,9676.2996,1451983.7167,4644.6101
DCOA-TS,Scenario_100000,100000,1004,0.45,0.45,0.10,9623.5269,1444105.0492,4645.6845
DCOA-TS,Scenario_100000,100000,1014,0.20,0.70,0.10,9681.4560,1452723.3493,4657.3576
DCOA-TS,Scenario_100000,100000,1029,0.20,0.70,0.10,9664.7589,1450292.9216,4645.2133
DCOA-TS,Scenario_100000,100000,1024,0.80,0.10,0.10,9670.0469,1451234.0754,4646.5173
DCOA-TS,Scenario_100000,100000,1009,0.45,0.45,0.10,9657.6977,1449274.5933,4645.6082
DCOA-TS,Scenario_100000,100000,1019,0.80,0.10,0.10,9740.0377,1461433.6634,4647.2942
DCOA-TS,Scenario_100000,100000,1019,0.20,0.70,0.10,9674.4671,1451792.5326,4644.7594
DCOA-TS,Scenario_100000,100000,1009,0.20,0.70,0.10,9601.5765,1440729.6806,4646.1146
DCOA-TS,Scenario_100000,100000,1019,0.45,0.45,0.10,9636.3689,1445785.8452,4647.2240
